alias,expires,url
3v5d28,2025-11-30 11:50:30.068,feo2Kz+sjgCVaklSo9T0
o2bgrA,2025-11-30 11:50:30.085,+lrZqFV+WoTPI+UtPTrf
fKG5qu,2025-11-30 11:50:30.085,5nXMIcH3ghfPXWpbGSmv
xCxjyi,2025-11-30 11:50:30.085,WWvi1E+l9VdwKxRP/eEB
B870uy,2025-11-30 11:50:30.085,Wc/1Qvrn4MQmfkV0ChLJ
/0ubk6,2025-11-30 11:50:30.085,qqB0VPqT7S03tMXany+H
is1vl/,2025-11-30 11:50:30.086,StyCJOtzaqEOFoOQrIzC
RLx4Xh,2025-11-30 11:50:30.086,4+EwE7dNhylT4qEiXCtc
nHdj9E,2025-11-30 11:50:30.086,riIZtTcWM2w7sm+KX/aT
HuOvbR,2025-11-30 11:50:30.086,21cuWkrPHFmOKjwGwNYA
wz3npo,2025-11-30 11:50:30.086,7Zx9WlKorKHj2ns+WZKL
2X77fa,2025-11-30 11:50:30.086,iUV/82pNaRcT31kLpnOL
9n0Q6b,2025-11-30 11:50:30.087,hZIZ8PiOnGU5N2rXEgK3
FbDjvE,2025-11-30 11:50:30.087,B414lqpGYqRtEMFPGU+g
A/NwQl,2025-11-30 11:50:30.087,u/rjk7PfDfMpC1zVQxce
z9kjdB,2025-11-30 11:50:30.087,Gzz/efpu+1AWoADOK5ty
GwKM6W,2025-11-30 11:50:30.087,o3DNcD0NBFq+nkBSXnut
L8z8GT,2025-11-30 11:50:30.087,I998sa13QsVdnf+yTFX8
lrYAdI,2020-12-24 11:50:30.087,2P0tXXbjqf3R3+6C3HXf
XiDvIz,2019-11-30 11:50:30.087,1PQ09uV9SHd69Wwnlpww
